<alloy builddate="2012-09-25 15:54 EDT">

<instance bitwidth="0" maxseq="0" command="Run inst1" filename="C:\Users\Linus\Dropbox\ETH\4. Semester\Software Architecture and Engineering\Projects\Project 1\eth-sae-project1\src\task-d\alloy-model.als">

<sig label="seq/Int" ID="0" parentID="1" builtin="yes">
</sig>

<sig label="Int" ID="1" parentID="2" builtin="yes">
</sig>

<sig label="String" ID="3" parentID="2" builtin="yes">
</sig>

<sig label="this/Execution" ID="4" parentID="2">
   <atom label="Execution$0"/>
   <atom label="Execution$1"/>
   <atom label="Execution$2"/>
</sig>

<field label="inputs" ID="5" parentID="4">
   <tuple> <atom label="Execution$0"/> <atom label="FormalParameter$0"/> <atom label="False$0"/> </tuple>
   <tuple> <atom label="Execution$0"/> <atom label="FormalParameter$1"/> <atom label="False$0"/> </tuple>
   <tuple> <atom label="Execution$1"/> <atom label="FormalParameter$0"/> <atom label="True$0"/> </tuple>
   <tuple> <atom label="Execution$1"/> <atom label="FormalParameter$1"/> <atom label="False$0"/> </tuple>
   <tuple> <atom label="Execution$2"/> <atom label="FormalParameter$0"/> <atom label="False$0"/> </tuple>
   <tuple> <atom label="Execution$2"/> <atom label="FormalParameter$1"/> <atom label="True$0"/> </tuple>
   <types> <type ID="4"/> <type ID="6"/> <type ID="7"/> </types>
   <types> <type ID="4"/> <type ID="6"/> <type ID="8"/> </types>
</field>

<field label="varValue" ID="9" parentID="4">
   <tuple> <atom label="Execution$0"/> <atom label="ReturnStatement$0"/> <atom label="Variable$0"/> <atom label="False$0"/> </tuple>
   <tuple> <atom label="Execution$0"/> <atom label="ReturnStatement$0"/> <atom label="Variable$1"/> <atom label="False$0"/> </tuple>
   <tuple> <atom label="Execution$1"/> <atom label="ReturnStatement$0"/> <atom label="Variable$0"/> <atom label="False$0"/> </tuple>
   <tuple> <atom label="Execution$1"/> <atom label="ReturnStatement$0"/> <atom label="Variable$1"/> <atom label="True$0"/> </tuple>
   <tuple> <atom label="Execution$2"/> <atom label="ReturnStatement$0"/> <atom label="Variable$0"/> <atom label="True$0"/> </tuple>
   <tuple> <atom label="Execution$2"/> <atom label="ReturnStatement$0"/> <atom label="Variable$1"/> <atom label="False$0"/> </tuple>
   <types> <type ID="4"/> <type ID="10"/> <type ID="11"/> <type ID="12"/> </types>
</field>

<field label="exprValue" ID="13" parentID="4">
   <tuple> <atom label="Execution$0"/> <atom label="VariableReference$0"/> <atom label="False$0"/> </tuple>
   <tuple> <atom label="Execution$0"/> <atom label="VariableReference$1"/> <atom label="False$0"/> </tuple>
   <tuple> <atom label="Execution$0"/> <atom label="AndExpr$0"/> <atom label="False$0"/> </tuple>
   <tuple> <atom label="Execution$1"/> <atom label="VariableReference$0"/> <atom label="False$0"/> </tuple>
   <tuple> <atom label="Execution$1"/> <atom label="VariableReference$1"/> <atom label="True$0"/> </tuple>
   <tuple> <atom label="Execution$1"/> <atom label="AndExpr$0"/> <atom label="False$0"/> </tuple>
   <tuple> <atom label="Execution$2"/> <atom label="VariableReference$0"/> <atom label="True$0"/> </tuple>
   <tuple> <atom label="Execution$2"/> <atom label="VariableReference$1"/> <atom label="False$0"/> </tuple>
   <tuple> <atom label="Execution$2"/> <atom label="AndExpr$0"/> <atom label="False$0"/> </tuple>
   <types> <type ID="4"/> <type ID="14"/> <type ID="12"/> </types>
</field>

<sig label="this/True" ID="7" parentID="12" one="yes">
   <atom label="True$0"/>
</sig>

<sig label="this/False" ID="8" parentID="12" one="yes">
   <atom label="False$0"/>
</sig>

<sig label="this/Undefined" ID="15" parentID="12" one="yes">
   <atom label="Undefined$0"/>
</sig>

<sig label="this/Value" ID="12" parentID="2" abstract="yes">
</sig>

<sig label="this/MainFunction" ID="16" parentID="17" one="yes">
   <atom label="MainFunction$0"/>
</sig>

<sig label="this/Function" ID="17" parentID="2">
</sig>

<field label="firstStmt" ID="18" parentID="17">
   <tuple> <atom label="MainFunction$0"/> <atom label="ReturnStatement$0"/> </tuple>
   <types> <type ID="17"/> <type ID="10"/> </types>
</field>

<field label="returnStmt" ID="19" parentID="17">
   <tuple> <atom label="MainFunction$0"/> <atom label="ReturnStatement$0"/> </tuple>
   <types> <type ID="17"/> <type ID="20"/> </types>
</field>

<field label="formals" ID="21" parentID="17">
   <tuple> <atom label="MainFunction$0"/> <atom label="FormalParameter$0"/> </tuple>
   <tuple> <atom label="MainFunction$0"/> <atom label="FormalParameter$1"/> </tuple>
   <types> <type ID="17"/> <type ID="6"/> </types>
</field>

<sig label="this/AssignStatement" ID="22" parentID="10">
</sig>

<field label="assignedTo" ID="23" parentID="22">
   <types> <type ID="22"/> <type ID="11"/> </types>
</field>

<field label="assignedValue" ID="24" parentID="22">
   <types> <type ID="22"/> <type ID="14"/> </types>
</field>

<sig label="this/ReturnStatement" ID="20" parentID="10">
   <atom label="ReturnStatement$0"/>
</sig>

<field label="returnValue" ID="25" parentID="20">
   <tuple> <atom label="ReturnStatement$0"/> <atom label="AndExpr$0"/> </tuple>
   <types> <type ID="20"/> <type ID="14"/> </types>
</field>

<sig label="this/VarDecl" ID="26" parentID="10">
</sig>

<field label="declaredVar" ID="27" parentID="26">
   <types> <type ID="26"/> <type ID="11"/> </types>
</field>

<sig label="this/Statement" ID="10" parentID="2" abstract="yes">
</sig>

<field label="predecessor" ID="28" parentID="10">
   <types> <type ID="10"/> <type ID="10"/> </types>
</field>

<field label="successor" ID="29" parentID="10">
   <types> <type ID="10"/> <type ID="10"/> </types>
</field>

<sig label="this/FormalParameter" ID="6" parentID="2">
   <atom label="FormalParameter$0"/>
   <atom label="FormalParameter$1"/>
</sig>

<field label="declaredVar" ID="30" parentID="6">
   <tuple> <atom label="FormalParameter$0"/> <atom label="Variable$1"/> </tuple>
   <tuple> <atom label="FormalParameter$1"/> <atom label="Variable$0"/> </tuple>
   <types> <type ID="6"/> <type ID="11"/> </types>
</field>

<sig label="this/CallExpr" ID="31" parentID="14">
</sig>

<field label="function" ID="32" parentID="31">
   <types> <type ID="31"/> <type ID="17"/> </types>
</field>

<field label="actuals" ID="33" parentID="31">
   <types> <type ID="31"/> <type ID="14"/> <type ID="6"/> </types>
</field>

<sig label="this/Literal" ID="34" parentID="14">
</sig>

<field label="value" ID="35" parentID="34">
   <types> <type ID="34"/> <type ID="7"/> </types>
   <types> <type ID="34"/> <type ID="8"/> </types>
</field>

<sig label="this/VariableReference" ID="36" parentID="14">
   <atom label="VariableReference$0"/>
   <atom label="VariableReference$1"/>
</sig>

<field label="referredVar" ID="37" parentID="36">
   <tuple> <atom label="VariableReference$0"/> <atom label="Variable$0"/> </tuple>
   <tuple> <atom label="VariableReference$1"/> <atom label="Variable$1"/> </tuple>
   <types> <type ID="36"/> <type ID="11"/> </types>
</field>

<sig label="this/AndExpr" ID="38" parentID="14">
   <atom label="AndExpr$0"/>
</sig>

<field label="leftChild" ID="39" parentID="38">
   <tuple> <atom label="AndExpr$0"/> <atom label="VariableReference$1"/> </tuple>
   <types> <type ID="38"/> <type ID="14"/> </types>
</field>

<field label="rightChild" ID="40" parentID="38">
   <tuple> <atom label="AndExpr$0"/> <atom label="VariableReference$0"/> </tuple>
   <types> <type ID="38"/> <type ID="14"/> </types>
</field>

<sig label="this/NotExpr" ID="41" parentID="14">
</sig>

<field label="child" ID="42" parentID="41">
   <types> <type ID="41"/> <type ID="14"/> </types>
</field>

<sig label="this/Expr" ID="14" parentID="2" abstract="yes">
</sig>

<field label="parent" ID="43" parentID="14">
   <tuple> <atom label="VariableReference$0"/> <atom label="AndExpr$0"/> </tuple>
   <tuple> <atom label="VariableReference$1"/> <atom label="AndExpr$0"/> </tuple>
   <types> <type ID="14"/> <type ID="14"/> </types>
</field>

<field label="children" ID="44" parentID="14">
   <tuple> <atom label="AndExpr$0"/> <atom label="VariableReference$0"/> </tuple>
   <tuple> <atom label="AndExpr$0"/> <atom label="VariableReference$1"/> </tuple>
   <types> <type ID="14"/> <type ID="14"/> </types>
</field>

<sig label="this/Variable" ID="11" parentID="2">
   <atom label="Variable$0"/>
   <atom label="Variable$1"/>
</sig>

<sig label="univ" ID="2" builtin="yes">
</sig>

<skolem label="$this/statements" ID="m3">
   <tuple> <atom label="MainFunction$0"/> <atom label="ReturnStatement$0"/> </tuple>
   <types> <type ID="17"/> <type ID="10"/> </types>
</skolem>

<skolem label="$this/exprs" ID="m4">
   <tuple> <atom label="ReturnStatement$0"/> <atom label="AndExpr$0"/> </tuple>
   <types> <type ID="10"/> <type ID="14"/> </types>
</skolem>

<skolem label="$this/reads" ID="m5">
   <tuple> <atom label="VariableReference$0"/> <atom label="Variable$0"/> </tuple>
   <tuple> <atom label="VariableReference$1"/> <atom label="Variable$1"/> </tuple>
   <tuple> <atom label="AndExpr$0"/> <atom label="Variable$0"/> </tuple>
   <tuple> <atom label="AndExpr$0"/> <atom label="Variable$1"/> </tuple>
   <types> <type ID="14"/> <type ID="11"/> </types>
</skolem>

</instance>

<source filename="C:\Users\Linus\Dropbox\ETH\4. Semester\Software Architecture and Engineering\Projects\Project 1\eth-sae-project1\src\task-d\alloy-model.als" content="/* TODO&#x000a; Simplify the model to BOOLEANLINEAR - done&#x000a; Add the model of executions - done&#x000a; signature Execution - done&#x000a; signature Value - done&#x000a; functions - done&#x000a; generate instances (task E) - done - explanation for infeasibility pending&#x000a; check multiplicities - done&#x000a; use functions - done&#x000a;*/&#x000a;&#x000a;// ---------- Instances for task E --------------------------------------------------- //&#x000a;&#x000a;&#x000a;// A program that takes 2 arguments and computes AND.&#x000a;pred inst1 {&#x000a;  #MainFunction.formals = 2 &amp;&amp;&#x000a;  all e: Execution, disj fp, fp&apos;: MainFunction.formals |&#x000a;    (p_argval[e, MainFunction, fp] = True &amp;&amp; p_argval[e, MainFunction, fp&apos;] = True)&#x000a;    implies (p_retval[e, MainFunction] = True)&#x000a;    else (p_retval[e, MainFunction] = False)&#x000a;}&#x000a;run inst1&#x000a;&#x000a;// A program that takes 2 arguments and computes NAND.&#x000a;pred inst2 {&#x000a;  #MainFunction.formals = 2 &amp;&amp;&#x000a;  all e: Execution, disj fp, fp&apos;: MainFunction.formals |&#x000a;    (p_argval[e, MainFunction, fp] = True &amp;&amp; p_argval[e, MainFunction, fp&apos;] = True)&#x000a;    implies (p_retval[e, MainFunction] = False)&#x000a;    else (p_retval[e, MainFunction] = True)&#x000a;}&#x000a;run inst2&#x000a;&#x000a;// A program that takes 2 arguments, has at least one literal and one assignment and computes OR.&#x000a;pred inst3 {&#x000a;  #MainFunction.formals = 2 &amp;&amp;&#x000a;  some Literal &amp;&amp;&#x000a;  some AssignStatement &amp;&amp;&#x000a;  all e: Execution, disj fp, fp&apos;: MainFunction.formals |&#x000a;    (p_argval[e, MainFunction, fp] = False &amp;&amp; p_argval[e, MainFunction, fp&apos;] = False)&#x000a;    implies (p_retval[e, MainFunction] = False)&#x000a;    else (p_retval[e, MainFunction] = True)&#x000a;}&#x000a;run inst3&#x000a;&#x000a;// A program that takes 2 arguments and computes XOR.&#x000a;pred inst4 {&#x000a;  #MainFunction.formals = 2 &amp;&amp;&#x000a;  all e: Execution, disj fp, fp&apos;: MainFunction.formals |&#x000a;    (p_argval[e, MainFunction, fp] = False &amp;&amp; p_argval[e, MainFunction, fp&apos;] = False) or (p_argval[e, MainFunction, fp] = True &amp;&amp; p_argval[e, MainFunction, fp&apos;] = True)&#x000a;    implies (p_retval[e, MainFunction] = False)&#x000a;    else (p_retval[e, MainFunction] = True)&#x000a;}&#x000a;run inst4&#x000a;&#x000a;// A program that takes 2 arguments, has 3 functions and at least one assignment and computes NAND.&#x000a;// Here, one function that is not the main function should contain an And, and the other function that is not the main function should contain a Not.&#x000a;pred inst5 {&#x000a;  #MainFunction.formals = 2 &amp;&amp;&#x000a;  #Function = 3 &amp;&amp;&#x000a;  some AssignStatement &amp;&amp;&#x000a;  some disj f, f&apos;: (Function - MainFunction) | (one f.statements.exprs.*children :&gt; AndExpr &amp;&amp; one f&apos;.statements.exprs.*children :&gt; NotExpr) &amp;&amp;&#x000a;  all e: Execution, disj fp, fp&apos;: MainFunction.formals |&#x000a;    (p_argval[e, MainFunction, fp] = True &amp;&amp; p_argval[e, MainFunction, fp&apos;] = True)&#x000a;    implies (p_retval[e, MainFunction] = False)&#x000a;    else (p_retval[e, MainFunction] = True)&#x000a;}&#x000a;run inst5&#x000a;&#x000a;// ---------- Dynamic Model of task D ---------------------------------------------- //&#x000a;&#x000a;pred show {}&#x000a;run show for 5&#x000a;&#x000a;/* --------------------------------------------------------------------------------&#x000a; * Signatures&#x000a; * -------------------------------------------------------------------------------- */&#x000a;&#x000a;sig Execution {&#x000a;  inputs: FormalParameter set -&gt; lone (True +False),&#x000a;  varValue: Statement -&gt; Variable set -&gt; lone Value, // An execution reflects the value of each variable at each point in the program, i.e. before each statement in the program.&#x000a;  exprValue: Expr set -&gt; one Value, // An execution uniquely relates every expression in the program to a value from the set True, False, Undefined.&#x000a;}&#x000a;&#x000a;abstract sig Value {}&#x000a;&#x000a;one sig True, False, Undefined extends Value {}&#x000a;&#x000a;sig Function {&#x000a;  firstStmt: disj one Statement,&#x000a;  returnStmt: disj one ReturnStatement, // Each function execution must be terminated by a return statement.&#x000a;  formals: disj set FormalParameter, // Functions have a set (may be zero) of formal parameters.&#x000a;}&#x000a;&#x000a;one sig MainFunction extends Function {}&#x000a;&#x000a;abstract sig Statement {&#x000a;  predecessor: disj lone Statement,&#x000a;  successor: disj lone Statement,&#x000a;}&#x000a;&#x000a;sig AssignStatement extends Statement {&#x000a;  assignedTo: one Variable, // writes value &quot;directly&quot; to the variable&#x000a;  assignedValue: disj one Expr,&#x000a;}&#x000a;&#x000a;sig ReturnStatement extends Statement {&#x000a;  returnValue: disj one Expr, // A return statement carries an expression that defines which value is returned by the function.&#x000a;}&#x000a;&#x000a;sig VarDecl extends Statement {&#x000a;  declaredVar: disj one Variable, // the variable can&apos;t be evalutated to a value yet and is therefore not seen as an expression&#x000a;}&#x000a;&#x000a;sig FormalParameter {&#x000a;  declaredVar: disj one Variable,&#x000a;}&#x000a;&#x000a;abstract sig Expr {&#x000a;  parent: lone Expr,&#x000a;  children: disj set Expr, // may have zero direct children&#x000a;}&#x000a;&#x000a;sig CallExpr extends Expr {&#x000a;  function: disj one Function, // A function can be called in a corresponding call expression. Every function is called at most once.&#x000a;  actuals: Expr lone -&gt; lone FormalParameter, // A call expression is assiociated with a set of expressions that serve as actual parameters and are mapped to formal parameters.&#x000a;}&#x000a;&#x000a;sig Literal extends Expr {&#x000a;  value: one (True + False) // Every literal is associated with a fixed value - either True or False.&#x000a;}&#x000a;&#x000a;sig VariableReference extends Expr {&#x000a;  referredVar: one Variable, // reads value from the variable&#x000a;}&#x000a;&#x000a;// Extend your model by expressions that model the binary operations And.&#x000a;sig AndExpr extends Expr {&#x000a;  leftChild: one Expr,&#x000a;  rightChild: one Expr,&#x000a;}&#x000a;&#x000a;// Extend your model by expressions that model the unary operation Not.&#x000a;sig NotExpr extends Expr {&#x000a;  child: one Expr,&#x000a;}&#x000a;&#x000a;sig Variable {}&#x000a;&#x000a;/* --------------------------------------------------------------------------------&#x000a; * Facts (Dynamic Model)&#x000a; * -------------------------------------------------------------------------------- */&#x000a;&#x000a;// Precondition that holds before the execution starts.&#x000a;fact {&#x000a;  all e: Execution | e.inputs.Value = MainFunction.formals&#x000a;  all e: Execution, fp: FormalParameter | (fp in MainFunction.formals) implies (p_argval[e, MainFunction, fp] = e.inputs[fp]) else (no p_argval[e, MainFunction, fp])&#x000a;  all e: Execution, vd: VarDecl | no p_valbefore[e, MainFunction.firstStmt, vd.declaredVar]&#x000a;}&#x000a;&#x000a;// Invariants that need to hold after the execution terminates.&#x000a;assert inv {&#x000a;  all e: Execution, expr: Expr | p_val[e, expr] in (True + False)&#x000a;  all e: Execution, v: Variable | p_valbefore[e, MainFunction.returnStmt, v] in (True + False)&#x000a;}&#x000a;&#x000a;fact {&#x000a;  all e: Execution, a: AssignStatement |&#x000a;    e.varValue[a.successor] = e.varValue[a] ++ a.assignedTo -&gt; p_val[e, a.assignedValue]&#x000a;}&#x000a;&#x000a;fact {&#x000a;  all e: Execution, vd: VarDecl |&#x000a;    e.varValue[vd.successor] = e.varValue[vd] ++ vd.declaredVar -&gt; Undefined&#x000a;}&#x000a;&#x000a;fact {&#x000a;  all e: Execution, ce: CallExpr |&#x000a;    (all a: Expr, fp: FormalParameter | (fp in ce.actuals[a]) implies (p_argval[e, ce.function, fp] = p_val[e, a])) &amp;&amp;&#x000a;    (p_val[e, ce] = p_retval[e, ce.function])&#x000a;}&#x000a;&#x000a;fact {&#x000a;  all e: Execution, ae: AndExpr |&#x000a;    (p_val[e, ae.leftChild] = True &amp;&amp; p_val[e, ae.rightChild] = True) implies (p_val[e, ae] = True) else (p_val[e, ae] = False)&#x000a;}&#x000a;&#x000a;fact {&#x000a;  all e: Execution, ne: NotExpr |&#x000a;    (p_val[e, ne.child] = True) implies (p_val[e, ne] = False) else (p_val[e, ne] = True)&#x000a;}&#x000a;&#x000a;fact {&#x000a;  all e: Execution, vr: VariableReference |&#x000a;    p_val[e, vr] = p_valbefore[e, (exprs.*children).vr, vr.referredVar]&#x000a;}&#x000a;&#x000a;fact {&#x000a;  all e: Execution, l: Literal |&#x000a;    p_val[e, l] = l.value&#x000a;}&#x000a;&#x000a;/* --------------------------------------------------------------------------------&#x000a; * Functions (Dynamic Model)&#x000a; * -------------------------------------------------------------------------------- */&#x000a;&#x000a;// Returns the value of expression p in execution e.&#x000a;fun p_val [e: Execution, p: Expr]: Value {&#x000a;  e.exprValue[p]&#x000a;}&#x000a;&#x000a;// Returns the return value of function f in execution e.&#x000a;fun p_retval [e: Execution, f: Function]: Value {&#x000a;  p_val[e, f.returnStmt.returnValue]&#x000a;}&#x000a;&#x000a;// Returns the value of formal parameter p of function f in execution e.&#x000a;fun p_argval [e: Execution, f: Function, p: FormalParameter]: Value {&#x000a;  p_valbefore[e, f.firstStmt, p.declaredVar]&#x000a;}&#x000a;&#x000a;// Returns the number of Not-expressions.&#x000a;fun p_numNot: Int {&#x000a;  #NotExpr&#x000a;}&#x000a;&#x000a;// Returns the value of variable v before executing statement s in execution e.&#x000a;fun p_valbefore [e: Execution, s: Statement, v: Variable]: Value {&#x000a;  e.varValue[s][v]&#x000a;}&#x000a;&#x000a;/* --------------------------------------------------------------------------------&#x000a; * Facts (Static Model)&#x000a; * -------------------------------------------------------------------------------- */&#x000a;&#x000a;// Functions consist of a linear sequence of statements.&#x000a;fact {&#x000a;  (predecessor = ~successor) &amp;&amp;&#x000a;  (Function.statements = Statement) &amp;&amp; // all statements belong to a function&#x000a;  (no firstStmt.predecessor) &amp;&amp; // the first statement has no predecessor&#x000a;  (all f: Function | f.returnStmt in p_statementsInFunction[f]) &amp;&amp;&#x000a;  (no ReturnStatement.successor) // A function may not contain unreachable statements. i.e. the return statement has no successor statement.&#x000a;}&#x000a;&#x000a;// Functions have a set of formal parameters.&#x000a;fact {&#x000a;  Function.formals = FormalParameter // all formal parameters belong to a function&#x000a;}&#x000a;&#x000a;// Actual parameters are mapped to formal parameters.&#x000a;fact {&#x000a;  all ce: CallExpr | ce.actuals[Expr] = ce.function.formals&#x000a;}&#x000a;&#x000a;// Recursion is not allowed.&#x000a;fact {&#x000a;  no f: Function | f in f.^functions&#x000a;}&#x000a;&#x000a;// There is one main function from which all other functions are transitively called.&#x000a;fact {&#x000a;  Function in MainFunction.*functions&#x000a;}&#x000a;&#x000a;// Variables are declared exactly once, either in a corresponding declaration statement or as function parameter.&#x000a;fact {&#x000a;  all v: Variable | p_isDeclared[v]&#x000a;}&#x000a;&#x000a;// A variable that has been declared can be assigned to using an assignment statement.&#x000a;fact {&#x000a;  all vd: VarDecl | all a: AssignStatement | p_assignsTo[a, vd] implies (a in p_statementsAfter[vd])&#x000a;}&#x000a;&#x000a;// Once the variable has been assigned to, it can be used in expressions in subsequent statements.&#x000a;fact {&#x000a;  all s: Statement | all v: s.exprs.reads | !p_isParameter[v] implies some a: AssignStatement | (v = a.assignedTo) &amp;&amp; (s in p_statementsAfter[a])&#x000a;}&#x000a;&#x000a;// We do not allow dead variables (variables that are never read).&#x000a;fact {&#x000a;  all v: Variable | p_isRead[v]&#x000a;}&#x000a;&#x000a;// We do not allow dead assignments (assignments that are not followed by a read of the variable).&#x000a;fact {&#x000a;//  all a: AssignStatement | a.assignedTo in p_statementsAfter[a].exprs.reads // assignment is followed by any read of the variable, not necessary the assigned value&#x000a;  all a: AssignStatement, v: a.assignedTo | some s: p_statementsAfter[a] | v in s.exprs.reads &amp;&amp; (no s&apos;: (p_statementsAfter[a] - p_statementsAfter[s]) | v= s&apos;.assignedTo)&#x000a;}&#x000a;&#x000a;// Parameters should never be assigned to.&#x000a;fact {&#x000a;  all v: Variable | p_isParameter[v] implies (!p_isAssigned[v])&#x000a;}&#x000a;&#x000a;// Variables (declared either by a VarDecl or as FormalParameter) are local to a function&#x000a;fact {&#x000a;  all disj f1, f2: Function | disj[f1.statements.exprs.reads, f2.(statements.exprs.reads + formals.declaredVar)]&#x000a;}&#x000a;&#x000a;// Expressions form trees, and nodes of expression trees are never shared, i.e. every node has a unique parent.&#x000a;fact {&#x000a;  (parent = ~children) &amp;&amp; (no e: Expr | e in e.^children) &amp;&amp; // parent/children relationship has no cycles&#x000a;  ((Statement.exprs + Expr.children) = Expr) &amp;&amp; // all expressions have a parent&#x000a;  (no (Statement.exprs &amp; Expr.children)) &amp;&amp; (no (Statement.assignedValue &amp; Statement.returnValue)) &amp;&amp; // parents are unique&#x000a;  (children = actuals.FormalParameter + leftChild + rightChild + child) &amp;&amp;&#x000a;  (all ae: AndExpr | ae.leftChild != ae.rightChild)&#x000a;}&#x000a;&#x000a;/* --------------------------------------------------------------------------------&#x000a; * Functions (Static Model)&#x000a; * -------------------------------------------------------------------------------- */&#x000a;&#x000a;// Returns the number of function calls (call expressions) in the program.&#x000a;fun p_numFunctionCalls: Int {&#x000a;  #CallExpr&#x000a;}&#x000a;&#x000a;// Returns all statements directly contained in the body of a function.&#x000a;fun p_statementsInFunction [f: Function]: set Statement {&#x000a;  f.statements&#x000a;}&#x000a;&#x000a;// Returns all statements contained after s in the same function.&#x000a;fun p_statementsAfter [s: Statement]: set Statement {&#x000a;  s.^successor&#x000a;}&#x000a;&#x000a;// Returns the formal parameters of function f.&#x000a;fun p_parameters [f: Function]: set FormalParameter {&#x000a;  f.formals&#x000a;}&#x000a;&#x000a;// Returns the direct subexpressions of e.&#x000a;fun p_subExprs [e: Expr]: set Expr {&#x000a;  e.children&#x000a;}&#x000a;&#x000a;/* --------------------------------------------------------------------------------&#x000a; * Predicates (Static Model)&#x000a; * -------------------------------------------------------------------------------- */&#x000a;&#x000a;// true iff f contains a function call directly in its body.&#x000a;pred p_containsCall [f: Function] {&#x000a;  some p_statementsInFunction[f].exprs.*children :&gt; CallExpr&#x000a;}&#x000a;&#x000a;// true iff v appears on the left side of an assignment anywhere in the program.&#x000a;pred p_isAssigned [v: Variable] {&#x000a;  v in AssignStatement.assignedTo&#x000a;}&#x000a;&#x000a;// true iff v appears in an expression anywhere in the program. Exclude writes.&#x000a;pred p_isRead [v: Variable] {&#x000a;  v in VariableReference.referredVar&#x000a;}&#x000a;&#x000a;// true iff v is declared exactly once.&#x000a;pred p_isDeclared [v: Variable] {&#x000a;  (v in (VarDecl.declaredVar + FormalParameter.declaredVar)) &amp;&amp; // at least once&#x000a;  (v not in (VarDecl.declaredVar &amp; FormalParameter.declaredVar)) // at most once&#x000a;}&#x000a;&#x000a;// true iff v is declared as a parameter.&#x000a;pred p_isParameter [v: Variable] {&#x000a;  v in FormalParameter.declaredVar&#x000a;}&#x000a;&#x000a;// true iff s assigns to the variable declared by vd.&#x000a;pred p_assignsTo [s: Statement, vd: VarDecl] {&#x000a;  s.assignedTo = vd.declaredVar&#x000a;}&#x000a;&#x000a;/* --------------------------------------------------------------------------------&#x000a; * Additional Relations (Static Model)&#x000a; * -------------------------------------------------------------------------------- */&#x000a;&#x000a;// Returns tuples of the form (caller, callee): (Function, Function), i.e. the function &apos;caller&apos; calls the function &apos;calle&apos; in its body.&#x000a;fun functions: set Function -&gt; Function {&#x000a;  (statements.exprs.*children :&gt; CallExpr).function&#x000a;}&#x000a;&#x000a;// Returns tuples of functions and their statements.&#x000a;fun statements: set Function -&gt; Statement {&#x000a;  firstStmt.*successor&#x000a;}&#x000a;&#x000a;// Returns tuples of statements and their direct subexpressions.&#x000a;fun exprs: set Statement -&gt; Expr {&#x000a;  assignedValue + returnValue&#x000a;}&#x000a;&#x000a;// Returns tuples of expressions and the variables they read.&#x000a;fun reads: set Expr -&gt; Variable {&#x000a;  *children.referredVar&#x000a;}&#x000a;"/>

<source filename="\$alloy4$\models\util\integer.als" content="module util/integer&#x000a;&#x000a;/*&#x000a; * A collection of utility functions for using Integers in Alloy.&#x000a; * Note that integer overflows are silently truncated to the current bitwidth&#x000a; * using the 2&apos;s complement arithmetic, unless the &quot;forbid overfows&quot; option is&#x000a; * turned on, in which case only models that don&apos;t have any overflows are &#x000a; * analyzed. &#x000a; */&#x000a;&#x000a;fun add  [n1, n2: Int] : Int { this/plus[n1, n2] }&#x000a;fun plus [n1, n2: Int] : Int { n1 fun/add n2 }&#x000a;&#x000a;fun sub   [n1, n2: Int] : Int { this/minus[n1, n2] }&#x000a;fun minus [n1, n2: Int] : Int { n1 fun/sub n2 }&#x000a;&#x000a;fun mul [n1, n2: Int] : Int { n1 fun/mul n2 }&#x000a;&#x000a;/**&#x000a; * Performs the division with &quot;round to zero&quot; semantics, except the following 3 cases&#x000a; * 1) if a is 0, then it returns 0&#x000a; * 2) else if b is 0, then it returns 1 if a is negative and -1 if a is positive&#x000a; * 3) else if a is the smallest negative integer, and b is -1, then it returns a&#x000a; */&#x000a;fun div [n1, n2: Int] : Int { n1 fun/div n2 }&#x000a;&#x000a;/** answer is defined to be the unique integer that satisfies &quot;a = ((a/b)*b) + remainder&quot; */&#x000a;fun rem [n1, n2: Int] : Int { n1 fun/rem n2 }&#x000a;&#x000a;/** negate */&#x000a;fun negate [n: Int] : Int { 0 fun/sub n }&#x000a;&#x000a;/** equal to */&#x000a;pred eq [n1, n2: Int] { int[n1] = int[n2] }&#x000a;&#x000a;/** greater than */&#x000a;pred gt [n1, n2: Int] { n1 &gt; n2 }&#x000a;&#x000a;/** less then */&#x000a;pred lt [n1, n2: Int] { n1 &lt; n2 }&#x000a;&#x000a;/** greater than or equal */&#x000a;pred gte [n1, n2: Int] { n1 &gt;= n2 }&#x000a;&#x000a;/** less than or equal */&#x000a;pred lte [n1, n2: Int] { n1 &lt;= n2 }&#x000a;&#x000a;/** integer is zero */&#x000a;pred zero [n: Int] { n = 0 }&#x000a;&#x000a;/** positive */&#x000a;pred pos  [n: Int] { n &gt; 0 }&#x000a;&#x000a;/** negative */&#x000a;pred neg  [n: Int] { n &lt; 0 }&#x000a;&#x000a;/** non-positive */&#x000a;pred nonpos [n: Int] { n &lt;= 0 }&#x000a;&#x000a;/** non-negative */&#x000a;pred nonneg [n: Int] { n &gt;= 0 }&#x000a;&#x000a;/** signum (aka sign or sgn) */&#x000a;fun signum [n: Int] : Int { n&lt;0 =&gt; (0 fun/sub 1) else (n&gt;0 =&gt; 1 else 0) }&#x000a;&#x000a;/**&#x000a; * returns the ith element (zero-based) from the set s&#x000a; * in the ordering of &apos;next&apos;, which is a linear ordering&#x000a; * relation like that provided by util/ordering&#x000a; */&#x000a;fun int2elem[i: Int, next: univ-&gt;univ, s: set univ] : lone s {&#x000a;  {e: s | #^next.e = int i }&#x000a;}&#x000a;&#x000a;/**&#x000a; * returns the index of the element (zero-based) in the&#x000a; * ordering of next, which is a linear ordering relation&#x000a; * like that provided by util/ordering&#x000a; */&#x000a;fun elem2int[e: univ, next: univ-&gt;univ] : lone Int {&#x000a;  Int[#^next.e]&#x000a;}&#x000a;&#x000a;/** returns the largest integer in the current bitwidth */&#x000a;fun max:one Int { fun/max }&#x000a;&#x000a;/** returns the smallest integer in the current bitwidth */&#x000a;fun min:one Int { fun/min }&#x000a;&#x000a;/** maps each integer (except max) to the integer after it */&#x000a;fun next:Int-&gt;Int { fun/next }&#x000a;&#x000a;/** maps each integer (except min) to the integer before it */&#x000a;fun prev:Int-&gt;Int { ~next }&#x000a;&#x000a;/** given a set of integers, return the largest element */&#x000a;fun max [es: set Int]: lone Int { es - es.^prev }&#x000a;&#x000a;/** given a set of integers, return the smallest element */&#x000a;fun min [es: set Int]: lone Int { es - es.^next }&#x000a;&#x000a;/** given an integer, return all integers prior to it */&#x000a;fun prevs [e: Int]: set Int { e.^prev }&#x000a;&#x000a;/** given an integer, return all integers following it */&#x000a;fun nexts [e: Int]: set Int { e.^next }&#x000a;&#x000a;/** returns the larger of the two integers */&#x000a;fun larger [e1, e2: Int]: Int { let a=int[e1], b=int[e2] | (a&lt;b =&gt; b else a) }&#x000a;&#x000a;/** returns the smaller of the two integers */&#x000a;fun smaller [e1, e2: Int]: Int { let a=int[e1], b=int[e2] | (a&lt;b =&gt; a else b) }&#x000a;"/>

</alloy>
